{"cameraMode":{"drawMode":0,"name":"Shaded","section":"Shading Mode"},"sceneLighting":true,"audioPlay":false,"sceneViewState":{"m_AlwaysRefresh":false,"showFog":true,"showSkybox":true,"showFlares":true,"showImageEffects":true,"showParticleSystems":true,"showVisualEffectGraphs":true,"m_FxEnabled":true},"in2DMode":false,"pivot":{"x":1028.6746826171875,"y":258.9561767578125,"z":352.5391845703125},"rotation":{"x":-0.011350204236805439,"y":0.9823311567306519,"z":-0.09210660308599472,"w":-0.17007656395435334},"size":0.8660253882408142,"orthographic":false}